Date,Signal,Next Day Open,Close,Cash,Stocks,Equity,Buy & Hold
2020-01-02,0,23.96,24.24,100.0,0.0,100.0,100.0
2020-01-03,0,23.74,23.28,100.0,0.0,100.0,96.03960396039605
2020-01-07,0,23.98,24.22,100.0,0.0,100.0,99.91749174917493
2020-01-08,0,22.3,21.88,100.0,0.0,100.0,90.26402640264027
2020-01-09,0,22.94,22.44,100.0,0.0,100.0,92.57425742574259
2020-01-10,0,22.9,22.54,100.0,0.0,100.0,92.98679867986799
2020-01-13,0,22.86,22.7,100.0,0.0,100.0,93.64686468646865
2020-01-14,0,23.7,23.64,100.0,0.0,100.0,97.52475247524754
2020-01-15,0,23.7,23.58,100.0,0.0,100.0,97.27722772277228
2020-01-16,0,22.9,23.1,100.0,0.0,100.0,95.2970297029703
2020-01-17,0,22.9,22.68,100.0,0.0,100.0,93.56435643564357
2020-01-20,0,21.5,21.64,100.0,0.0,100.0,89.27392739273928
2020-01-21,0,21.12,21.14,100.0,0.0,100.0,87.21122112211222
2020-01-22,0,20.8,20.94,100.0,0.0,100.0,86.3861386138614
2020-01-23,0,20.58,20.56,100.0,0.0,100.0,84.81848184818482
2020-01-24,0,20.38,20.54,100.0,0.0,100.0,84.73597359735975
2020-01-27,0,19.36,19.2,100.0,0.0,100.0,79.20792079207921
2020-01-28,0,20.32,20.14,100.0,0.0,100.0,83.0858085808581
2020-01-29,0,19.5,19.99,100.0,0.0,100.0,82.46699669966996
2020-01-30,0,19.25,19.25,100.0,0.0,100.0,79.41419141914193
2020-01-31,0,18.8,18.8,100.0,0.0,100.0,77.55775577557756
2020-02-03,0,20.3,19.71,100.0,0.0,100.0,81.31188118811882
2020-02-04,0,19.71,19.78,100.0,0.0,100.0,81.60066006600661
2020-02-05,0,19.27,19.24,100.0,0.0,100.0,79.37293729372938
2020-02-06,0,18.95,18.89,100.0,0.0,100.0,77.92904290429044
2020-02-07,0,19.0,18.79,100.0,0.0,100.0,77.51650165016503
2020-02-10,0,18.38,18.2,100.0,0.0,100.0,75.08250825082509
2020-02-11,0,18.56,18.35,100.0,0.0,100.0,75.70132013201321
2020-02-12,0,18.68,18.84,100.0,0.0,100.0,77.72277227722773
2020-02-13,0,18.1,18.02,100.0,0.0,100.0,74.33993399339934
2020-02-14,0,17.94,17.88,100.0,0.0,100.0,73.76237623762377
2020-02-17,0,18.12,18.3,100.0,0.0,100.0,75.4950495049505
2020-02-18,0,17.84,17.85,100.0,0.0,100.0,73.63861386138615
2020-02-19,0,17.1,17.18,100.0,0.0,100.0,70.87458745874588
2020-02-20,0,16.0,16.01,100.0,0.0,100.0,66.04785478547856
2020-02-21,0,15.5,16.01,100.0,0.0,100.0,66.04785478547856
2020-02-24,0,14.8,14.75,100.0,0.0,100.0,60.849834983498354
2020-02-25,0,14.01,14.31,100.0,0.0,100.0,59.034653465346544
2020-02-26,0,14.1,14.3,100.0,0.0,100.0,58.993399339934
2020-02-27,0,12.44,13.11,100.0,0.0,100.0,54.084158415841586
2020-02-28,0,14.5,13.53,100.0,0.0,100.0,55.81683168316832
2020-03-02,0,14.55,14.19,100.0,0.0,100.0,58.53960396039604
2020-03-03,0,15.2,15.15,100.0,0.0,100.0,62.50000000000001
2020-03-04,0,14.86,14.54,100.0,0.0,100.0,59.98349834983499
2020-03-05,0,13.8,14.15,100.0,0.0,100.0,58.37458745874588
2020-03-06,0,12.8,13.85,100.0,0.0,100.0,57.13696369636964
2020-03-09,0,12.7,12.5,100.0,0.0,100.0,51.567656765676574
2020-03-10,0,12.18,12.08,100.0,0.0,100.0,49.83498349834984
2020-03-11,0,10.1,10.85,100.0,0.0,100.0,44.76072607260726
2020-03-12,0,9.74,9.13,100.0,0.0,100.0,37.66501650165017
2020-03-13,0,10.0,10.0,100.0,0.0,100.0,41.254125412541256
2020-03-16,0,12.0,11.5,100.0,0.0,100.0,47.442244224422446
2020-03-17,0,14.0,13.98,100.0,0.0,100.0,57.67326732673268
2020-03-18,0,13.3,13.25,100.0,0.0,100.0,54.661716171617165
2020-03-19,0,14.3,14.0,100.0,0.0,100.0,57.75577557755776
2020-03-20,0,12.65,13.61,100.0,0.0,100.0,56.14686468646865
2020-03-23,0,13.25,12.5,100.0,0.0,100.0,51.567656765676574
2020-03-24,0,13.5,13.0,100.0,0.0,100.0,53.630363036303635
2020-03-25,0,12.65,12.84,100.0,0.0,100.0,52.97029702970298
2020-03-26,0,12.97,12.85,100.0,0.0,100.0,53.01155115511551
2020-03-27,0,12.75,12.75,100.0,0.0,100.0,52.599009900990104
2020-03-30,0,12.5,12.45,100.0,0.0,100.0,51.36138613861387
2020-03-31,0,12.0,12.44,100.0,0.0,100.0,51.320132013201324
2020-04-01,0,11.8,11.65,100.0,0.0,100.0,48.06105610561057
2020-04-02,0,11.7,12.03,100.0,0.0,100.0,49.62871287128713
2020-04-03,0,12.2,11.965,100.0,0.0,100.0,49.36056105610562
2020-04-06,0,13.21,12.8,100.0,0.0,100.0,52.80528052805281
2020-04-07,0,12.59,12.55,100.0,0.0,100.0,51.77392739273928
2020-04-08,0,12.99,12.86,100.0,0.0,100.0,53.052805280528055
2020-04-09,-1,13.4,13.09,100.0,0.0,100.0,54.00165016501651
2020-04-14,1,15.0,14.52,100.0,0.0,100.0,59.9009900990099
2020-04-15,0,13.85,13.81,0.0,6.666666666666667,92.06666666666668,56.971947194719476
2020-04-16,0,14.12,13.62,0.0,6.666666666666667,90.8,56.18811881188119
2020-04-17,0,13.64,13.62,0.0,6.666666666666667,90.8,56.18811881188119
2020-04-20,0,13.0,13.3,0.0,6.666666666666667,88.66666666666667,54.86798679867988
2020-04-21,0,12.6,12.52,0.0,6.666666666666667,83.46666666666667,51.65016501650165
2020-04-22,0,13.23,12.98,0.0,6.666666666666667,86.53333333333335,53.547854785478556
2020-04-23,0,13.65,13.97,0.0,6.666666666666667,93.13333333333334,57.63201320132014
2020-04-24,0,13.69,13.35,0.0,6.666666666666667,89.0,55.07425742574258
2020-04-27,0,13.2,13.05,0.0,6.666666666666667,87.00000000000001,53.83663366336634
2020-04-28,-1,13.1,13.04,0.0,6.666666666666667,86.93333333333334,53.7953795379538
2020-04-29,0,13.79,13.72,87.33333333333333,0.0,87.33333333333333,56.60066006600661
2020-04-30,0,13.29,13.69,87.33333333333333,0.0,87.33333333333333,56.47689768976898
2020-05-04,0,13.39,13.31,87.33333333333333,0.0,87.33333333333333,54.909240924092416
2020-05-05,0,13.3,13.3,87.33333333333333,0.0,87.33333333333333,54.86798679867988
2020-05-06,0,12.5,12.525,87.33333333333333,0.0,87.33333333333333,51.67079207920793
2020-05-07,0,12.8,12.535,87.33333333333333,0.0,87.33333333333333,51.71204620462047
2020-05-08,0,12.7,12.66,87.33333333333333,0.0,87.33333333333333,52.22772277227723
2020-05-11,0,12.47,12.47,87.33333333333333,0.0,87.33333333333333,51.44389438943895
2020-05-12,0,12.885,12.885,87.33333333333333,0.0,87.33333333333333,53.15594059405941
2020-05-13,1,13.0,13.115,87.33333333333333,0.0,87.33333333333333,54.10478547854786
2020-05-14,0,12.9,12.61,0.0,6.717948717948717,84.71333333333332,52.021452145214525
2020-05-15,0,13.1,12.955,0.0,6.717948717948717,87.03102564102564,53.4447194719472
2020-05-18,0,13.7,13.41,0.0,6.717948717948717,90.0876923076923,55.32178217821783
2020-05-19,0,13.48,13.6,0.0,6.717948717948717,91.36410256410255,56.10561056105611
2020-05-20,0,13.895,13.895,0.0,6.717948717948717,93.34589743589743,57.32260726072607
2020-05-21,0,13.09,14.05,0.0,6.717948717948717,94.38717948717948,57.96204620462047
2020-05-22,0,13.2,13.025,0.0,6.717948717948717,87.50128205128205,53.73349834983499
2020-05-25,0,13.9,13.62,0.0,6.717948717948717,91.49846153846153,56.18811881188119
2020-05-26,0,14.4,14.3,0.0,6.717948717948717,96.06666666666666,58.993399339934
2020-05-27,0,15.62,15.38,0.0,6.717948717948717,103.32205128205128,63.44884488448846
2020-05-28,0,15.335,15.335,0.0,6.717948717948717,103.01974358974358,63.263201320132026
2020-05-29,0,17.0,16.535,0.0,6.717948717948717,111.08128205128205,68.21369636963698
2020-06-01,0,17.89,17.5,0.0,6.717948717948717,117.56410256410255,72.1947194719472
2020-06-02,0,18.3,18.0,0.0,6.717948717948717,120.9230769230769,74.25742574257427
2020-06-03,0,19.3,19.065,0.0,6.717948717948717,128.0776923076923,78.65099009900992
2020-06-04,0,20.1,19.84,0.0,6.717948717948717,133.28410256410254,81.84818481848185
2020-06-05,0,21.98,21.14,0.0,6.717948717948717,142.0174358974359,87.21122112211222
2020-06-08,0,18.835,19.2,0.0,6.717948717948717,128.98461538461535,79.20792079207921
2020-06-09,0,20.06,20.06,0.0,6.717948717948717,134.76205128205126,82.75577557755776
2020-06-10,0,18.6,20.1,0.0,6.717948717948717,135.03076923076924,82.92079207920793
2020-06-12,0,18.63,19.38,0.0,6.717948717948717,130.19384615384612,79.95049504950495
2020-06-15,0,19.99,19.04,0.0,6.717948717948717,127.90974358974357,78.54785478547855
2020-06-16,0,19.99,19.8,0.0,6.717948717948717,133.01538461538462,81.6831683168317
2020-06-17,0,18.63,18.63,0.0,6.717948717948717,125.15538461538459,76.85643564356435
2020-06-18,0,18.7,18.7,0.0,6.717948717948717,125.625641025641,77.14521452145215
2020-06-19,0,19.16,19.11,0.0,6.717948717948717,128.38,78.83663366336634
2020-06-22,0,20.08,19.82,0.0,6.717948717948717,133.14974358974357,81.76567656765677
2020-06-23,0,19.95,19.8,0.0,6.717948717948717,133.01538461538462,81.6831683168317
2020-06-24,-1,19.0,19.2,0.0,6.717948717948717,128.98461538461535,79.20792079207921
2020-06-25,0,19.28,19.185,127.64102564102562,0.0,127.64102564102562,79.1460396039604
2020-06-26,0,18.45,18.405,127.64102564102562,0.0,127.64102564102562,75.92821782178218
2020-06-29,0,18.89,18.8,127.64102564102562,0.0,127.64102564102562,77.55775577557756
2020-06-30,0,18.8,18.7,127.64102564102562,0.0,127.64102564102562,77.14521452145215
2020-07-01,0,18.7,18.64,127.64102564102562,0.0,127.64102564102562,76.8976897689769
2020-07-02,0,19.0,18.82,127.64102564102562,0.0,127.64102564102562,77.64026402640265
2020-07-03,0,19.33,18.84,127.64102564102562,0.0,127.64102564102562,77.72277227722773
2020-07-06,1,19.92,19.92,127.64102564102562,0.0,127.64102564102562,82.1782178217822
2020-07-07,0,20.1,20.1,0.0,6.407682010091647,128.79440840284212,82.92079207920793
2020-07-08,0,20.19,20.19,0.0,6.407682010091647,129.37109978375037,83.2920792079208
2020-07-09,0,19.38,19.52,0.0,6.407682010091647,125.07795283698894,80.52805280528054
2020-07-10,0,19.8,19.63,0.0,6.407682010091647,125.78279785809902,80.98184818481849
2020-07-13,0,20.0,20.38,0.0,6.407682010091647,130.58855936566775,84.07590759075909
2020-07-14,0,19.65,19.4,0.0,6.407682010091647,124.30903099577795,80.03300330033004
2020-07-15,0,19.9,19.9,0.0,6.407682010091647,127.51287200082376,82.0957095709571
2020-07-16,0,19.55,19.5,0.0,6.407682010091647,124.94979919678711,80.44554455445545
2020-07-17,0,19.69,19.41,0.0,6.407682010091647,124.37310781587887,80.07425742574259
2020-07-20,0,19.8,19.8,0.0,6.407682010091647,126.87210379981461,81.6831683168317
2020-07-21,0,19.865,19.84,0.0,6.407682010091647,127.12841108021827,81.84818481848185
2020-07-22,-1,20.02,20.0,0.0,6.407682010091647,128.15364020183293,82.50825082508251
2020-07-23,0,19.3,19.41,128.28179384203477,0.0,128.28179384203477,80.07425742574259
2020-07-24,0,19.2,19.3,128.28179384203477,0.0,128.28179384203477,79.62046204620464
2020-07-27,0,19.1,19.1,128.28179384203477,0.0,128.28179384203477,78.7953795379538
2020-07-28,0,18.4,18.5,128.28179384203477,0.0,128.28179384203477,76.32013201320133
2020-07-29,0,16.42,16.75,128.28179384203477,0.0,128.28179384203477,69.10066006600661
2020-07-30,0,15.0,15.36,128.28179384203477,0.0,128.28179384203477,63.36633663366337
2020-07-31,0,17.0,16.495,128.28179384203477,0.0,128.28179384203477,68.0486798679868
2020-08-03,0,17.5,17.395,128.28179384203477,0.0,128.28179384203477,71.76155115511551
2020-08-04,0,17.2,16.89,128.28179384203477,0.0,128.28179384203477,69.67821782178218
2020-08-05,0,17.245,17.1,128.28179384203477,0.0,128.28179384203477,70.54455445544556
2020-08-06,0,16.43,16.39,128.28179384203477,0.0,128.28179384203477,67.61551155115512
2020-08-07,0,16.02,16.02,128.28179384203477,0.0,128.28179384203477,66.0891089108911
2020-08-10,0,16.88,16.3,128.28179384203477,0.0,128.28179384203477,67.24422442244226
2020-08-11,0,16.72,16.72,128.28179384203477,0.0,128.28179384203477,68.97689768976898
2020-08-12,0,16.3,16.37,128.28179384203477,0.0,128.28179384203477,67.53300330033004
2020-08-13,0,16.32,16.3,128.28179384203477,0.0,128.28179384203477,67.24422442244226
2020-08-14,0,16.2,16.2,128.28179384203477,0.0,128.28179384203477,66.83168316831683
2020-08-17,0,16.5,16.64,128.28179384203477,0.0,128.28179384203477,68.64686468646866
2020-08-18,0,16.345,16.345,128.28179384203477,0.0,128.28179384203477,67.42986798679868
2020-08-19,0,15.5,15.53,128.28179384203477,0.0,128.28179384203477,64.06765676567657
2020-08-20,0,14.8,15.1,128.28179384203477,0.0,128.28179384203477,62.2937293729373
2020-08-21,0,15.34,15.32,128.28179384203477,0.0,128.28179384203477,63.20132013201321
2020-08-24,1,16.6,16.485,128.28179384203477,0.0,128.28179384203477,68.00742574257426
2020-08-25,0,15.42,15.39,0.0,7.727818906146672,118.9311329655973,63.490099009901
2020-08-26,0,15.44,15.44,0.0,7.727818906146672,119.31752391090461,63.6963696369637
2020-08-27,0,15.5,15.44,0.0,7.727818906146672,119.31752391090461,63.6963696369637
2020-08-28,0,15.3,15.26,0.0,7.727818906146672,117.92651650779823,62.95379537953796
2020-08-31,0,15.705,15.705,0.0,7.727818906146672,121.3653959210335,64.78960396039605
2020-09-01,0,15.15,15.18,0.0,7.727818906146672,117.30829099530648,62.62376237623763
2020-09-02,0,15.41,15.37,0.0,7.727818906146672,118.77657658747435,63.40759075907591
2020-09-03,0,15.39,15.45,0.0,7.727818906146672,119.39480209996609,63.73762376237624
2020-09-04,0,16.55,16.2,0.0,7.727818906146672,125.19066627957609,66.83168316831683
2020-09-07,0,22.21,21.7,0.0,7.727818906146672,167.69367026338278,89.52145214521452
2020-09-08,0,19.51,20.14,0.0,7.727818906146672,155.63827276979399,83.0858085808581
2020-09-09,0,20.3,20.2,0.0,7.727818906146672,156.10194190416277,83.33333333333334
2020-09-10,0,21.44,21.31,0.0,7.727818906146672,164.6798208899856,87.91254125412541
2020-09-11,0,24.2,23.15,0.0,7.727818906146672,178.89900767729546,95.50330033003301
2020-09-14,0,23.9,23.9,0.0,7.727818906146672,184.69487185690545,98.5973597359736
2020-09-15,0,26.0,25.4,0.0,7.727818906146672,196.28660021612546,104.7854785478548
2020-09-16,0,27.26,28.32,0.0,7.727818906146672,218.85183142207376,116.83168316831684
2020-09-17,0,27.83,27.83,0.0,7.727818906146672,215.06520015806188,114.81023102310232
2020-09-18,0,27.68,28.02,0.0,7.727818906146672,216.53348575022977,115.5940594059406
2020-09-21,0,24.64,24.71,0.0,7.727818906146672,190.95440517088429,101.93894389438945
2020-09-22,0,25.4,25.0,0.0,7.727818906146672,193.1954726536668,103.13531353135315
2020-09-23,0,22.8,23.21,0.0,7.727818906146672,179.36267681166427,95.75082508250826
2020-09-24,0,24.0,23.55,0.0,7.727818906146672,181.99013523975415,97.15346534653466
2020-09-25,0,25.2,24.32,0.0,7.727818906146672,187.94055579748706,100.33003300330034
2020-09-28,0,27.3,27.31,0.0,7.727818906146672,211.04673432686562,112.66501650165017
2020-09-29,-1,25.01,25.55,0.0,7.727818906146672,197.44577305204749,105.40429042904292
2020-09-30,0,26.1,25.65,193.2727508427283,0.0,193.2727508427283,105.81683168316832
2020-10-01,0,24.5,25.0,193.2727508427283,0.0,193.2727508427283,103.13531353135315
2020-10-02,0,24.7,24.21,193.2727508427283,0.0,193.2727508427283,99.87623762376239
2020-10-05,0,26.45,26.56,193.2727508427283,0.0,193.2727508427283,109.57095709570957
2020-10-06,0,26.2,26.24,193.2727508427283,0.0,193.2727508427283,108.25082508250826
2020-10-07,0,26.35,26.31,193.2727508427283,0.0,193.2727508427283,108.53960396039605
2020-10-08,0,24.0,24.72,193.2727508427283,0.0,193.2727508427283,101.98019801980199
2020-10-09,0,24.96,24.48,193.2727508427283,0.0,193.2727508427283,100.990099009901
2020-10-12,0,24.59,24.82,193.2727508427283,0.0,193.2727508427283,102.3927392739274
2020-10-13,0,24.0,24.0,193.2727508427283,0.0,193.2727508427283,99.00990099009903
2020-10-14,0,23.8,24.01,193.2727508427283,0.0,193.2727508427283,99.05115511551156
2020-10-15,0,21.8,21.84,193.2727508427283,0.0,193.2727508427283,90.09900990099011
2020-10-16,0,22.05,22.2,193.2727508427283,0.0,193.2727508427283,91.58415841584159
2020-10-19,0,21.04,21.4,193.2727508427283,0.0,193.2727508427283,88.28382838283828
2020-10-20,0,20.32,20.21,193.2727508427283,0.0,193.2727508427283,83.37458745874589
2020-10-21,0,20.12,20.27,193.2727508427283,0.0,193.2727508427283,83.62211221122112
2020-10-22,0,19.51,19.51,193.2727508427283,0.0,193.2727508427283,80.486798679868
2020-10-23,0,20.48,20.28,193.2727508427283,0.0,193.2727508427283,83.66336633663367
2020-10-26,0,18.86,18.845,193.2727508427283,0.0,193.2727508427283,77.743399339934
2020-10-27,0,18.0,18.4,193.2727508427283,0.0,193.2727508427283,75.90759075907592
2020-10-28,0,16.05,16.005,193.2727508427283,0.0,193.2727508427283,66.02722772277228
2020-10-29,0,15.2,15.56,193.2727508427283,0.0,193.2727508427283,64.1914191419142
2020-10-30,1,15.45,15.19,193.2727508427283,0.0,193.2727508427283,62.66501650165017
2020-11-02,0,17.3,17.1,0.0,12.509563161341639,213.91353005894203,70.54455445544556
2020-11-03,0,19.525,19.145,0.0,12.509563161341639,239.49558672388568,78.98102310231023
2020-11-04,0,18.68,18.2,0.0,12.509563161341639,227.6740495364178,75.08250825082509
2020-11-05,0,18.0,18.33,0.0,12.509563161341639,229.3002927473922,75.61881188118812
2020-11-06,0,18.4,17.78,0.0,12.509563161341639,222.42003300865434,73.34983498349837
2020-11-09,0,19.66,19.6,0.0,12.509563161341639,245.18743796229614,80.85808580858087
2020-11-10,0,18.775,18.775,0.0,12.509563161341639,234.86704835418925,77.45462046204621
2020-11-12,0,19.7,19.775,0.0,12.509563161341639,247.3766115155309,81.58003300330033
2020-11-13,0,19.5,19.03,0.0,12.509563161341639,238.0569869603314,78.50660066006601
2020-11-16,0,19.7,19.705,0.0,12.509563161341639,246.50094209423696,81.29125412541254
2020-11-17,0,22.2,22.56,0.0,12.509563161341639,282.21574491986735,93.06930693069307
2020-11-18,0,21.3,21.34,0.0,12.509563161341639,266.9540778630306,88.03630363036305
2020-11-19,0,20.18,20.03,0.0,12.509563161341639,250.56655012167303,82.63201320132015
2020-11-20,0,21.1,20.8,0.0,12.509563161341639,260.1989137559061,85.80858085808582
2020-11-23,0,21.59,21.2,0.0,12.509563161341639,265.2027390204427,87.45874587458746
2020-11-24,0,23.19,22.77,0.0,12.509563161341639,284.8427531837491,93.93564356435644
2020-11-25,0,23.68,23.41,0.0,12.509563161341639,292.84887360700776,96.57590759075909
2020-11-26,0,24.9,24.9,0.0,12.509563161341639,311.4881227174068,102.72277227722773
2020-11-27,0,23.1,23.71,0.0,12.509563161341639,296.6017425554103,97.81353135313533
2020-11-30,0,25.0,24.47,0.0,12.509563161341639,306.10901055802987,100.94884488448845
2020-12-01,0,23.6,23.6,0.0,12.509563161341639,295.22569060766267,97.35973597359738
2020-12-02,0,24.55,24.3,0.0,12.509563161341639,303.98238482060185,100.24752475247526
2020-12-03,0,25.49,25.59,0.0,12.509563161341639,320.11972129873254,105.56930693069307
2020-12-04,0,25.9,25.95,0.0,12.509563161341639,324.6231640368155,107.05445544554456
2020-12-07,0,25.5,25.53,0.0,12.509563161341639,319.369147509052,105.32178217821783
2020-12-08,0,25.68,25.55,0.0,12.509563161341639,319.61933877227887,105.40429042904292
2020-12-09,0,27.3,27.2,0.0,12.509563161341639,340.26011798849254,112.21122112211222
2020-12-10,0,27.79,27.0,0.0,12.509563161341639,337.75820535622427,111.38613861386139
2020-12-11,0,27.8,27.8,0.0,12.509563161341639,347.7658558852976,114.6864686468647
2020-12-14,0,26.3,26.1,0.0,12.509563161341639,326.4995985110168,107.67326732673268
2020-12-15,0,26.81,27.1,0.0,12.509563161341639,339.0091616723584,111.79867986798682
2020-12-16,0,27.3,27.21,0.0,12.509563161341639,340.385213620106,112.25247524752477
2020-12-17,0,25.6,25.93,0.0,12.509563161341639,324.3729727735887,106.97194719471948
2020-12-18,0,25.1,25.96,0.0,12.509563161341639,324.74825966842894,107.09570957095711
2020-12-21,0,25.14,25.17,0.0,12.509563161341639,314.86570477096905,103.83663366336636
2020-12-22,0,25.5,25.17,0.0,12.509563161341639,314.86570477096905,103.83663366336636
2020-12-23,0,26.1,25.8,0.0,12.509563161341639,322.7467295626143,106.43564356435645
2020-12-28,0,26.67,25.96,0.0,12.509563161341639,324.74825966842894,107.09570957095711
2020-12-29,0,26.0,26.09,0.0,12.509563161341639,326.37450287940334,107.63201320132015
2020-12-30,0,26.13,25.95,0.0,12.509563161341639,324.6231640368155,107.05445544554456
2021-01-04,0,27.06,27.07,0.0,12.509563161341639,338.63387477751814,111.67491749174918
2021-01-05,0,26.67,26.02,0.0,12.509563161341639,325.49883345810946,107.34323432343236
2021-01-07,0,27.15,26.88,0.0,12.509563161341639,336.25705777686323,110.8910891089109
2021-01-08,0,26.2,26.7,0.0,12.509563161341639,334.00533640782174,110.14851485148516
2021-01-11,0,26.15,26.08,0.0,12.509563161341639,326.2494072477899,107.5907590759076
2021-01-12,0,26.26,26.13,0.0,12.509563161341639,326.874885405857,107.7970297029703
2021-01-13,0,25.8,25.8,0.0,12.509563161341639,322.7467295626143,106.43564356435645
2021-01-14,0,26.82,26.79,0.0,12.509563161341639,335.1311970923425,110.51980198019803
2021-01-15,0,28.23,28.3,0.0,12.509563161341639,354.0206374659684,116.74917491749176
2021-01-18,0,34.5,33.63,0.0,12.509563161341639,420.69660911591933,138.73762376237627
2021-01-19,0,33.6,33.1,0.0,12.509563161341639,414.0665406404083,136.55115511551156
2021-01-20,0,35.88,35.0,0.0,12.509563161341639,437.8347106469574,144.3894389438944
2021-01-21,0,31.25,31.32,0.0,12.509563161341639,391.79951821322015,129.20792079207922
2021-01-22,0,32.75,32.05,0.0,12.509563161341639,400.9314993209995,132.21947194719473
2021-01-25,0,31.4,31.59,0.0,12.509563161341639,395.17710026678236,130.32178217821783
2021-01-26,0,33.2,33.26,0.0,12.509563161341639,416.0680707462229,137.21122112211222
2021-01-27,0,31.02,31.13,0.0,12.509563161341639,389.4227012125652,128.42409240924093
2021-01-28,0,32.0,32.4,0.0,12.509563161341639,405.3098464274691,133.66336633663366
2021-01-29,0,32.29,31.81,0.0,12.509563161341639,397.92920416227753,131.22937293729373
2021-02-01,0,35.4,34.9,0.0,12.509563161341639,436.5837543308232,143.97689768976898
2021-02-02,0,35.38,34.8,0.0,12.509563161341639,435.332798014689,143.56435643564356
2021-02-03,0,33.61,33.81,0.0,12.509563161341639,422.9483304849608,139.480198019802
2021-02-04,0,33.96,33.43,0.0,12.509563161341639,418.194696483651,137.91254125412541
2021-02-05,0,36.1,35.05,0.0,12.509563161341639,438.4601888050244,144.5957095709571
2021-02-08,0,40.3,39.59,0.0,12.509563161341639,495.2536055575155,163.32508250825086
2021-02-09,0,40.0,39.41,0.0,12.509563161341639,493.0018841884739,162.58250825082507
2021-02-10,0,40.25,40.18,0.0,12.509563161341639,502.63424782270704,165.75907590759078
2021-02-11,0,39.7,39.7,0.0,12.509563161341639,496.6296575052631,163.7788778877888
2021-02-12,0,39.29,38.43,0.0,12.509563161341639,480.7425122903592,158.53960396039605
2021-02-15,0,41.1,41.0,0.0,12.509563161341639,512.8920896150072,169.14191419141915
2021-02-16,0,39.63,39.3,0.0,12.509563161341639,491.62583224072637,162.12871287128712
2021-02-17,0,40.31,40.16,0.0,12.509563161341639,502.38405655948014,165.67656765676568
2021-02-18,0,39.6,39.71,0.0,12.509563161341639,496.7547531368765,163.82013201320134
2021-02-19,0,38.9,39.85,0.0,12.509563161341639,498.5060919794643,164.39768976897693
2021-02-22,-1,38.61,38.6,0.0,12.509563161341639,482.86913802778724,159.24092409240927
2021-02-23,0,36.69,36.96,482.99423365940066,0.0,482.99423365940066,152.4752475247525
2021-02-24,0,37.2,36.97,482.99423365940066,0.0,482.99423365940066,152.51650165016503
2021-02-25,0,34.0,35.46,482.99423365940066,0.0,482.99423365940066,146.2871287128713
2021-02-26,0,36.28,35.28,482.99423365940066,0.0,482.99423365940066,145.54455445544556
2021-03-01,0,34.37,34.5,482.99423365940066,0.0,482.99423365940066,142.32673267326734
2021-03-02,0,35.0,35.0,482.99423365940066,0.0,482.99423365940066,144.3894389438944
2021-03-03,0,34.92,35.17,482.99423365940066,0.0,482.99423365940066,145.0907590759076
2021-03-04,0,35.0,35.64,482.99423365940066,0.0,482.99423365940066,147.02970297029705
2021-03-05,0,34.2,34.3,482.99423365940066,0.0,482.99423365940066,141.5016501650165
2021-03-08,0,33.5,33.96,482.99423365940066,0.0,482.99423365940066,140.09900990099013
2021-03-09,0,34.9,34.63,482.99423365940066,0.0,482.99423365940066,142.8630363036304
2021-03-10,0,34.38,33.7,482.99423365940066,0.0,482.99423365940066,139.02640264026405
2021-03-11,0,34.3,34.2,482.99423365940066,0.0,482.99423365940066,141.08910891089113
2021-03-12,0,34.02,34.0,482.99423365940066,0.0,482.99423365940066,140.26402640264027
2021-03-15,0,32.5,32.91,482.99423365940066,0.0,482.99423365940066,135.76732673267327
2021-03-16,0,31.1,31.13,482.99423365940066,0.0,482.99423365940066,128.42409240924093
2021-03-17,0,32.97,32.35,482.99423365940066,0.0,482.99423365940066,133.45709570957098
2021-03-18,0,31.2,31.84,482.99423365940066,0.0,482.99423365940066,131.35313531353137
2021-03-19,0,30.09,30.16,482.99423365940066,0.0,482.99423365940066,124.42244224422444
2021-03-22,1,33.1,33.0,482.99423365940066,0.0,482.99423365940066,136.13861386138615
2021-03-23,0,30.35,30.81,0.0,14.591970805419958,449.57862051498887,127.10396039603961
2021-03-24,0,28.3,28.3,0.0,14.591970805419958,412.95277379338484,116.74917491749176
2021-03-25,0,29.1,28.41,0.0,14.591970805419958,414.55789058198104,117.20297029702971
2021-03-26,0,30.3,30.3,0.0,14.591970805419958,442.13671540422473,125.00000000000001
2021-03-29,0,30.08,30.08,0.0,14.591970805419958,438.9264818270323,124.0924092409241
2021-03-30,0,29.5,29.26,0.0,14.591970805419958,426.961065766588,120.70957095709572
2021-03-31,0,29.6,29.58,0.0,14.591970805419958,431.63049642432236,122.02970297029704
2021-04-01,0,31.84,31.06,0.0,14.591970805419958,453.2266132163439,128.13531353135315
2021-04-06,0,34.0,33.99,0.0,14.591970805419958,495.98108767622443,140.22277227722773
2021-04-07,0,32.9,32.96,0.0,14.591970805419958,480.95135774664186,135.973597359736
2021-04-08,0,31.86,31.88,0.0,14.591970805419958,465.1920292767883,131.51815181518154
2021-04-09,0,32.64,32.6,0.0,14.591970805419958,475.69824825669065,134.48844884488452
2021-04-12,0,31.98,31.95,0.0,14.591970805419958,466.21346723316765,131.80693069306932
2021-04-13,0,32.27,31.58,0.0,14.591970805419958,460.81443803516225,130.2805280528053
2021-04-14,0,32.4,32.2,0.0,14.591970805419958,469.8614599345227,132.83828382838286
2021-04-15,0,32.7,32.62,0.0,14.591970805419958,475.990087672799,134.5709570957096
2021-04-16,0,32.7,32.5,0.0,14.591970805419958,474.2390511761486,134.0759075907591
2021-04-19,0,33.36,33.03,0.0,14.591970805419958,481.97279570302123,136.26237623762378
2021-04-20,0,31.45,32.0,0.0,14.591970805419958,466.94306577343866,132.01320132013203
2021-04-21,0,31.26,30.9,0.0,14.591970805419958,450.89189788747666,127.47524752475248
2021-04-22,0,31.0,31.07,0.0,14.591970805419958,453.3725329243981,128.17656765676568
2021-04-23,-1,30.8,30.36,0.0,14.591970805419958,443.0122336525499,125.24752475247526
2021-04-26,0,30.99,30.85,449.43270080693475,0.0,449.43270080693475,127.26897689768978
2021-04-27,0,30.49,30.29,449.43270080693475,0.0,449.43270080693475,124.95874587458746
2021-04-28,0,31.45,31.06,449.43270080693475,0.0,449.43270080693475,128.13531353135315
2021-04-29,0,31.0,31.1,449.43270080693475,0.0,449.43270080693475,128.30033003300332
2021-04-30,0,30.41,30.3,449.43270080693475,0.0,449.43270080693475,125.00000000000001
2021-05-04,0,29.1,29.0,449.43270080693475,0.0,449.43270080693475,119.63696369636965
2021-05-05,0,29.61,29.46,449.43270080693475,0.0,449.43270080693475,121.53465346534655
2021-05-06,0,31.5,30.87,449.43270080693475,0.0,449.43270080693475,127.35148514851487
2021-05-07,0,32.99,32.22,449.43270080693475,0.0,449.43270080693475,132.92079207920793
2021-05-10,1,31.0,30.54,449.43270080693475,0.0,449.43270080693475,125.990099009901
2021-05-11,0,31.5,31.33,0.0,14.497829058288218,454.21698439616983,129.24917491749176
2021-05-12,0,30.5,30.96,0.0,14.497829058288218,448.85278764460327,127.72277227722773
2021-05-13,0,31.28,30.95,0.0,14.497829058288218,448.70780935402036,127.6815181518152
2021-05-14,0,31.33,30.9,0.0,14.497829058288218,447.9829179011059,127.47524752475248
2021-05-17,0,31.76,31.45,0.0,14.497829058288218,455.95672388316444,129.74422442244224
2021-05-18,0,31.8,31.89,0.0,14.497829058288218,462.3357686688113,131.55940594059408
2021-05-19,0,32.04,32.0,0.0,14.497829058288218,463.930529865223,132.01320132013203
2021-05-20,0,30.8,31.29,0.0,14.497829058288218,453.63707123383836,129.08415841584159
2021-05-21,0,32.55,31.94,0.0,14.497829058288218,463.06066012172573,131.76567656765678
2021-05-24,0,35.0,34.5,0.0,14.497829058288218,500.17510251094353,142.32673267326734
2021-05-25,0,33.64,33.86,0.0,14.497829058288218,490.89649191363907,139.6864686468647
2021-05-26,0,35.09,35.09,0.0,14.497829058288218,508.7288216553336,144.7607260726073
2021-05-27,0,36.83,36.3,0.0,14.497829058288218,526.2711948158623,149.75247524752476
2021-05-28,0,36.49,36.31,0.0,14.497829058288218,526.4161731064453,149.79372937293732
2021-05-31,0,36.6,36.49,0.0,14.497829058288218,529.0257823369371,150.53630363036305
2021-06-01,0,35.09,34.8,0.0,14.497829058288218,504.52445122842994,143.56435643564356
2021-06-02,0,35.01,34.85,0.0,14.497829058288218,505.24934268134444,143.7706270627063
2021-06-04,0,35.98,35.6,0.0,14.497829058288218,516.1227144750605,146.86468646864688
2021-06-07,0,36.5,37.29,0.0,14.497829058288218,540.6240455835676,153.83663366336634
2021-06-08,0,36.38,36.3,0.0,14.497829058288218,526.2711948158623,149.75247524752476
2021-06-09,0,34.96,35.0,0.0,14.497829058288218,507.4240170400876,144.3894389438944
2021-06-10,-1,34.97,34.81,0.0,14.497829058288218,504.6694295190129,143.60561056105612
2021-06-11,0,35.86,35.52,506.989082168339,0.0,506.989082168339,146.53465346534657
2021-06-14,0,35.74,35.3,506.989082168339,0.0,506.989082168339,145.62706270627064
2021-06-15,0,35.3,35.52,506.989082168339,0.0,506.989082168339,146.53465346534657
2021-06-16,0,34.73,34.9,506.989082168339,0.0,506.989082168339,143.97689768976898
2021-06-17,0,33.57,33.57,506.989082168339,0.0,506.989082168339,138.490099009901
2021-06-18,0,32.5,32.78,506.989082168339,0.0,506.989082168339,135.23102310231025
2021-06-21,0,33.9,33.27,506.989082168339,0.0,506.989082168339,137.25247524752479
2021-06-22,0,33.77,33.49,506.989082168339,0.0,506.989082168339,138.1600660066007
2021-06-23,0,35.0,34.88,506.989082168339,0.0,506.989082168339,143.89438943894393
2021-06-24,0,35.92,35.39,506.989082168339,0.0,506.989082168339,145.99834983498351
2021-06-25,0,35.54,35.39,506.989082168339,0.0,506.989082168339,145.99834983498351
2021-06-28,0,34.82,35.01,506.989082168339,0.0,506.989082168339,144.43069306930693
2021-06-29,0,35.0,35.16,506.989082168339,0.0,506.989082168339,145.04950495049505
2021-06-30,0,35.2,35.22,506.989082168339,0.0,506.989082168339,145.29702970297032
2021-07-01,0,35.5,35.54,506.989082168339,0.0,506.989082168339,146.61716171617164
2021-07-02,0,35.3,35.4,506.989082168339,0.0,506.989082168339,146.03960396039605
2021-07-05,0,36.9,36.69,506.989082168339,0.0,506.989082168339,151.36138613861388
2021-07-06,0,37.1,36.86,506.989082168339,0.0,506.989082168339,152.06270627062707
2021-07-07,0,36.45,36.59,506.989082168339,0.0,506.989082168339,150.94884488448847
2021-07-08,0,36.07,35.7,506.989082168339,0.0,506.989082168339,147.2772277227723
2021-07-09,0,36.5,36.5,506.989082168339,0.0,506.989082168339,150.5775577557756
2021-07-12,0,35.51,35.39,506.989082168339,0.0,506.989082168339,145.99834983498351
2021-07-13,0,34.81,34.72,506.989082168339,0.0,506.989082168339,143.23432343234325
2021-07-14,0,35.8,35.21,506.989082168339,0.0,506.989082168339,145.25577557755778
2021-07-15,0,35.1,34.98,506.989082168339,0.0,506.989082168339,144.30693069306932
2021-07-16,0,34.0,34.27,506.989082168339,0.0,506.989082168339,141.3778877887789
2021-07-19,0,32.72,32.5,506.989082168339,0.0,506.989082168339,134.0759075907591
2021-07-20,0,33.2,33.2,506.989082168339,0.0,506.989082168339,136.96369636963698
2021-07-21,0,33.3,33.17,506.989082168339,0.0,506.989082168339,136.83993399339937
2021-07-22,1,33.02,32.99,506.989082168339,0.0,506.989082168339,136.0973597359736
2021-07-23,0,33.97,33.79,0.0,15.354000065667442,518.8116622189028,139.3976897689769
2021-07-26,0,33.57,33.32,0.0,15.354000065667442,511.59528218803916,137.45874587458746
2021-07-27,0,32.65,32.8,0.0,15.354000065667442,503.61120215389207,135.31353135313532
2021-07-28,0,33.6,33.51,0.0,15.354000065667442,514.512542200516,138.24257425742576
2021-07-29,0,35.0,35.17,0.0,15.354000065667442,540.000182309524,145.0907590759076
2021-07-30,0,35.0,34.8,0.0,15.354000065667442,534.319202285227,143.56435643564356
2021-08-02,0,34.35,34.35,0.0,15.354000065667442,527.4099022556767,141.70792079207922
2021-08-03,0,33.7,33.62,0.0,15.354000065667442,516.2014822077393,138.6963696369637
2021-08-04,0,33.51,33.45,0.0,15.354000065667442,513.591302196576,137.99504950495052
2021-08-05,0,34.86,34.6,0.0,15.354000065667442,531.2484022720935,142.73927392739276
2021-08-06,0,34.25,34.11,0.0,15.354000065667442,523.7249422399165,140.71782178217822
2021-08-09,0,34.15,34.05,0.0,15.354000065667442,522.8037022359764,140.47029702970298
2021-08-10,0,34.33,34.36,0.0,15.354000065667442,527.5634422563334,141.74917491749176
2021-08-11,0,35.55,35.2,0.0,15.354000065667442,540.460802311494,145.21452145214525
2021-08-12,0,37.8,37.48,0.0,15.354000065667442,575.4679224612157,154.62046204620464
2021-08-13,0,36.7,36.5,0.0,15.354000065667442,560.4210023968617,150.5775577557756
2021-08-16,0,37.4,37.27,0.0,15.354000065667442,572.2435824474256,153.75412541254127
2021-08-17,0,36.5,36.12,0.0,15.354000065667442,554.586482371908,149.00990099009903
2021-08-18,0,34.69,35.35,0.0,15.354000065667442,542.7639023213441,145.83333333333334
2021-08-19,0,34.04,34.1,0.0,15.354000065667442,523.5714022392598,140.67656765676568
2021-08-20,0,34.8,34.21,0.0,15.354000065667442,525.2603422464832,141.13036303630363
2021-08-23,0,36.17,35.95,0.0,15.354000065667442,551.9763023607446,148.30858085808583
2021-08-24,0,35.65,35.45,0.0,15.354000065667442,544.2993023279108,146.2458745874588
2021-08-25,0,35.63,35.64,0.0,15.354000065667442,547.2165623403877,147.02970297029705
2021-08-26,0,36.0,35.83,0.0,15.354000065667442,550.1338223528644,147.81353135313532
2021-08-27,0,36.95,36.6,0.0,15.354000065667442,561.9564024034285,150.990099009901
2021-08-30,0,39.48,39.24,0.0,15.354000065667442,602.4909625767905,161.8811881188119
2021-08-31,0,40.4,40.34,0.0,15.354000065667442,619.3803626490246,166.41914191419144
2021-09-01,0,41.99,41.8,0.0,15.354000065667442,641.7972027448991,172.44224422442244
2021-09-02,0,45.1,44.84,0.0,15.354000065667442,688.4733629445282,184.983498349835
2021-09-03,0,45.8,45.6,0.0,15.354000065667442,700.1424029944354,188.11881188118815
2021-09-06,0,49.0,48.87,0.0,15.354000065667442,750.3499832091678,201.60891089108912
2021-09-07,0,48.81,48.8,0.0,15.354000065667442,749.2752032045711,201.32013201320132
2021-09-08,0,49.15,49.4,0.0,15.354000065667442,758.4876032439716,203.7953795379538
2021-09-09,0,52.52,51.98,0.0,15.354000065667442,798.1009234133936,214.43894389438944
2021-09-10,0,52.02,51.92,0.0,15.354000065667442,797.1796834094537,214.19141914191422
2021-09-13,0,54.4,54.22,0.0,15.354000065667442,832.4938835604887,223.67986798679868
2021-09-14,0,54.06,53.78,0.0,15.354000065667442,825.7381235315951,221.86468646864688
2021-09-15,0,56.7,56.2,0.0,15.354000065667442,862.8948036905103,231.84818481848188
2021-09-16,0,52.12,52.86,0.0,15.354000065667442,811.612443471181,218.0693069306931
2021-09-17,0,52.78,54.4,0.0,15.354000065667442,835.2576035723089,224.42244224422444
2021-09-20,0,49.64,49.75,0.0,15.354000065667442,763.8615032669552,205.23927392739276
2021-09-21,0,50.62,48.74,0.0,15.354000065667442,748.3539632006311,201.0726072607261
2021-09-22,0,54.98,53.4,0.0,15.354000065667442,819.9036035066414,220.29702970297032
2021-09-23,0,51.9,51.8,0.0,15.354000065667442,795.3372034015734,213.6963696369637
2021-09-24,0,52.32,51.74,0.0,15.354000065667442,794.4159633976335,213.44884488448847
2021-09-27,0,52.78,52.16,0.0,15.354000065667442,800.8646434252138,215.1815181518152
2021-09-28,0,51.06,51.6,0.0,15.354000065667442,792.26640338844,212.8712871287129
2021-09-29,0,53.0,51.84,0.0,15.354000065667442,795.9513634042003,213.8613861386139
2021-09-30,0,55.0,55.74,0.0,15.354000065667442,855.8319636603032,229.95049504950498
2021-10-01,0,56.4,55.4,0.0,15.354000065667442,850.6116036379763,228.54785478547856
2021-10-04,0,56.7,56.0,0.0,15.354000065667442,859.8240036773768,231.02310231023105
2021-10-05,0,57.76,57.6,0.0,15.354000065667442,884.3904037824447,237.62376237623766
2021-10-06,0,57.3,57.68,0.0,15.354000065667442,885.6187237876981,237.95379537953798
2021-10-07,0,55.5,56.2,0.0,15.354000065667442,862.8948036905103,231.84818481848188
2021-10-08,0,55.94,55.0,0.0,15.354000065667442,844.4700036117093,226.89768976897693
2021-10-11,0,58.1,58.24,0.0,15.354000065667442,894.2169638244719,240.2640264026403
2021-10-12,0,60.4,60.6,0.0,15.354000065667442,930.452403979447,250.00000000000003
2021-10-13,0,60.0,59.88,0.0,15.354000065667442,919.3975239321665,247.02970297029705
2021-10-14,0,56.0,54.86,0.0,15.354000065667442,842.3204436025159,226.32013201320134
2021-10-15,0,56.8,56.26,0.0,15.354000065667442,863.8160436944503,232.0957095709571
2021-10-18,0,62.0,61.1,0.0,15.354000065667442,938.1294040122807,252.0627062706271
2021-10-19,-1,55.5,55.36,0.0,15.354000065667442,849.9974436353496,228.3828382838284
2021-10-20,0,53.6,54.92,852.147003644543,0.0,852.147003644543,226.5676567656766
2021-10-21,0,51.76,51.6,852.147003644543,0.0,852.147003644543,212.8712871287129
2021-10-22,0,52.6,52.0,852.147003644543,0.0,852.147003644543,214.52145214521454
2021-10-25,0,54.2,54.14,852.147003644543,0.0,852.147003644543,223.34983498349837
2021-10-26,0,52.0,52.8,852.147003644543,0.0,852.147003644543,217.82178217821783
2021-10-27,0,50.86,51.26,852.147003644543,0.0,852.147003644543,211.4686468646865
2021-10-28,0,50.06,50.72,852.147003644543,0.0,852.147003644543,209.24092409240924
2021-10-29,0,51.0,51.8,852.147003644543,0.0,852.147003644543,213.6963696369637
2021-11-02,0,47.88,47.5,852.147003644543,0.0,852.147003644543,195.95709570957098
2021-11-03,0,49.06,48.7,852.147003644543,0.0,852.147003644543,200.90759075907593
2021-11-04,0,49.62,49.49,852.147003644543,0.0,852.147003644543,204.16666666666669
2021-11-05,0,49.2,49.34,852.147003644543,0.0,852.147003644543,203.5478547854786
2021-11-08,0,51.98,52.0,852.147003644543,0.0,852.147003644543,214.52145214521454
2021-11-09,0,49.3,49.28,852.147003644543,0.0,852.147003644543,203.30033003300332
2021-11-10,0,46.35,45.26,852.147003644543,0.0,852.147003644543,186.71617161716173
2021-11-12,0,46.02,46.59,852.147003644543,0.0,852.147003644543,192.20297029702974
2021-11-15,0,42.7,42.73,852.147003644543,0.0,852.147003644543,176.27887788778878
2021-11-16,0,43.52,43.27,852.147003644543,0.0,852.147003644543,178.50660066006603
2021-11-17,0,44.0,42.6,852.147003644543,0.0,852.147003644543,175.74257425742576
2021-11-18,0,40.2,40.51,852.147003644543,0.0,852.147003644543,167.12046204620464
2021-11-19,0,41.2,41.0,852.147003644543,0.0,852.147003644543,169.14191419141915
2021-11-22,0,42.18,42.18,852.147003644543,0.0,852.147003644543,174.00990099009903
2021-11-23,0,42.05,41.3,852.147003644543,0.0,852.147003644543,170.3795379537954
2021-11-24,0,41.6,41.19,852.147003644543,0.0,852.147003644543,169.92574257425744
2021-11-25,0,41.0,42.8,852.147003644543,0.0,852.147003644543,176.56765676567656
2021-11-26,0,39.2,38.02,852.147003644543,0.0,852.147003644543,156.84818481848188
2021-11-29,0,38.5,39.49,852.147003644543,0.0,852.147003644543,162.91254125412544
2021-11-30,0,41.75,41.13,852.147003644543,0.0,852.147003644543,169.6782178217822
2021-12-01,0,41.9,42.18,852.147003644543,0.0,852.147003644543,174.00990099009903
2021-12-02,0,42.41,41.42,852.147003644543,0.0,852.147003644543,170.8745874587459
2021-12-03,0,41.3,40.9,852.147003644543,0.0,852.147003644543,168.72937293729373
2021-12-06,0,41.2,40.5,852.147003644543,0.0,852.147003644543,167.0792079207921
2021-12-07,1,42.8,42.2,852.147003644543,0.0,852.147003644543,174.09240924092413
2021-12-08,0,42.5,42.33,0.0,19.909976720666894,842.7893145858296,174.62871287128715
2021-12-09,0,40.68,40.68,0.0,19.909976720666894,809.9378529967292,167.82178217821783
2021-12-10,0,40.16,40.13,0.0,19.909976720666894,798.9873658003625,165.55280528052808
2021-12-13,0,38.3,38.41,0.0,19.909976720666894,764.7422058408154,158.45709570957095
2021-12-14,0,39.76,39.76,0.0,19.909976720666894,791.6206744137156,164.02640264026402
2021-12-15,0,37.5,36.22,0.0,19.909976720666894,721.1393568225549,149.42244224422444
2021-12-16,0,38.44,38.9,0.0,19.909976720666894,774.4980944339421,160.4785478547855
2021-12-17,0,35.73,36.72,0.0,19.909976720666894,731.0943451828883,151.4851485148515
2021-12-20,0,35.8,35.05,0.0,19.909976720666894,697.8446840593746,144.5957095709571
2021-12-21,0,36.23,35.93,0.0,19.909976720666894,715.3654635735614,148.22607260726073
2021-12-22,0,34.99,34.75,0.0,19.909976720666894,691.8716910431746,143.35808580858088
2021-12-23,0,34.5,34.57,0.0,19.909976720666894,688.2878952334545,142.61551155115512
2021-12-27,0,32.82,33.04,0.0,19.909976720666894,657.8256308508342,136.30363036303632
2021-12-28,-1,33.89,33.99,0.0,19.909976720666894,676.7401087354677,140.22277227722773
2021-12-29,0,35.78,35.5,674.7491110634011,0.0,674.7491110634011,146.45214521452147
2021-12-30,0,35.1,34.87,674.7491110634011,0.0,674.7491110634011,143.85313531353137
2022-01-03,0,35.7,35.4,674.7491110634011,0.0,674.7491110634011,146.03960396039605
2022-01-04,0,35.67,35.46,674.7491110634011,0.0,674.7491110634011,146.2871287128713
2022-01-05,0,36.5,36.54,674.7491110634011,0.0,674.7491110634011,150.74257425742576
2022-01-07,0,39.3,38.34,674.7491110634011,0.0,674.7491110634011,158.1683168316832
2022-01-10,0,38.9,38.31,674.7491110634011,0.0,674.7491110634011,158.04455445544556
2022-01-11,0,40.0,39.6,674.7491110634011,0.0,674.7491110634011,163.3663366336634
2022-01-12,0,40.5,40.75,674.7491110634011,0.0,674.7491110634011,168.11056105610564
2022-01-13,0,40.0,40.4,674.7491110634011,0.0,674.7491110634011,166.66666666666669
2022-01-14,0,41.5,40.01,674.7491110634011,0.0,674.7491110634011,165.05775577557756
2022-01-17,0,41.5,41.53,674.7491110634011,0.0,674.7491110634011,171.32838283828386
2022-01-18,0,39.4,40.2,674.7491110634011,0.0,674.7491110634011,165.84158415841586
2022-01-19,0,40.97,40.96,674.7491110634011,0.0,674.7491110634011,168.976897689769
2022-01-20,0,39.4,40.3,674.7491110634011,0.0,674.7491110634011,166.25412541254127
2022-01-21,0,38.2,38.65,674.7491110634011,0.0,674.7491110634011,159.44719471947195
2022-01-24,0,35.35,34.4,674.7491110634011,0.0,674.7491110634011,141.91419141914193
2022-01-25,0,35.99,35.45,674.7491110634011,0.0,674.7491110634011,146.2458745874588
2022-01-26,0,37.0,37.8,674.7491110634011,0.0,674.7491110634011,155.94059405940595
2022-01-27,0,39.98,39.83,674.7491110634011,0.0,674.7491110634011,164.31518151815183
2022-01-28,0,40.96,40.3,674.7491110634011,0.0,674.7491110634011,166.25412541254127
2022-01-31,1,40.0,39.55,674.7491110634011,0.0,674.7491110634011,163.16006600660066
2022-02-01,0,42.74,42.04,0.0,16.868727776585025,709.1613157276345,173.43234323432344
2022-02-02,0,46.5,46.96,0.0,16.868727776585025,792.1554563884328,193.72937293729376
2022-02-03,0,44.9,44.85,0.0,16.868727776585025,756.5624407798384,185.02475247524754
2022-02-04,0,45.72,44.95,0.0,16.868727776585025,758.249313557497,185.43729372937295
2022-02-07,0,45.23,45.53,0.0,16.868727776585025,768.0331756679162,187.83003300330034
2022-02-08,0,46.5,45.98,0.0,16.868727776585025,775.6241031673794,189.68646864686468
2022-02-09,0,48.95,48.8,0.0,16.868727776585025,823.1939154973492,201.32013201320132
2022-02-10,0,47.5,48.8,0.0,16.868727776585025,823.1939154973492,201.32013201320132
2022-02-11,0,46.28,48.31,0.0,16.868727776585025,814.9282388868227,199.29867986798683
2022-02-14,0,45.7,45.47,0.0,16.868727776585025,767.0210520013211,187.5825082508251
2022-02-15,0,49.0,48.0,0.0,16.868727776585025,809.6989332760812,198.01980198019805
2022-02-16,0,47.33,47.01,0.0,16.868727776585025,792.998892777262,193.93564356435644
2022-02-17,0,44.5,44.55,0.0,16.868727776585025,751.5018224468629,183.7871287128713
2022-02-18,0,45.5,44.52,0.0,16.868727776585025,750.9957606135654,183.6633663366337
2022-02-21,0,40.43,41.85,0.0,16.868727776585025,705.9562574500833,172.64851485148517
2022-02-22,0,46.0,45.18,0.0,16.868727776585025,762.1291209461115,186.3861386138614
2022-02-23,0,40.0,44.09,0.0,16.868727776585025,743.7422076696338,181.88943894389442
2022-02-24,0,41.5,38.07,0.0,16.868727776585025,642.1924664545919,157.05445544554456
2022-02-25,0,41.8,41.8,0.0,16.868727776585025,705.1128210612541,172.44224422442244
2022-02-28,0,54.0,49.22,0.0,16.868727776585025,830.278781163515,203.05280528052808
2022-03-01,0,56.1,54.0,0.0,16.868727776585025,910.9112999355914,222.77227722772278
2022-03-02,0,77.88,70.9,0.0,16.868727776585025,1195.9927993598783,292.4917491749176
2022-03-03,0,69.48,67.7,0.0,16.868727776585025,1142.0128704748063,279.29042904290435
2022-03-04,0,75.0,71.6,0.0,16.868727776585025,1207.8009088034878,295.37953795379536
2022-03-07,0,72.9,71.4,0.0,16.868727776585025,1204.427163248171,294.5544554455446
2022-03-08,0,72.0,70.22,0.0,16.868727776585025,1184.5220644718004,289.6864686468647
2022-03-09,0,63.34,64.0,0.0,16.868727776585025,1079.5985777014416,264.02640264026405
2022-03-10,0,70.0,68.38,0.0,16.868727776585025,1153.483605362884,282.0957095709571
2022-03-11,0,71.0,70.5,0.0,16.868727776585025,1189.2453082492443,290.84158415841586
2022-03-14,0,66.8,67.06,0.0,16.868727776585025,1131.2168846977918,276.65016501650166
2022-03-15,0,67.78,67.28,0.0,16.868727776585025,1134.9280048086405,277.55775577557756
2022-03-16,0,65.0,64.02,0.0,16.868727776585025,1079.9359522569732,264.1089108910891
2022-03-17,0,72.5,72.28,0.0,16.868727776585025,1219.2716436915657,298.1848184818482
2022-03-18,0,70.7,69.8,0.0,16.868727776585025,1177.4371988056348,287.95379537953795
2022-03-21,0,71.0,71.4,0.0,16.868727776585025,1204.427163248171,294.5544554455446
2022-03-22,0,74.8,74.5,0.0,16.868727776585025,1256.7202193555845,307.3432343234324
2022-03-23,-1,75.9,75.98,0.0,16.868727776585025,1281.6859364649304,313.4488448844885
2022-03-24,0,75.92,76.84,1280.3364382428035,0.0,1280.3364382428035,316.99669966996703
2022-03-25,0,74.9,75.24,1280.3364382428035,0.0,1280.3364382428035,310.3960396039604
2022-03-28,0,79.5,78.58,1280.3364382428035,0.0,1280.3364382428035,324.1749174917492
2022-03-29,0,76.94,75.04,1280.3364382428035,0.0,1280.3364382428035,309.5709570957096
2022-03-30,0,77.6,79.0,1280.3364382428035,0.0,1280.3364382428035,325.90759075907596
2022-03-31,0,77.9,77.8,1280.3364382428035,0.0,1280.3364382428035,320.957095709571
2022-04-01,0,77.0,77.0,1280.3364382428035,0.0,1280.3364382428035,317.6567656765677
2022-04-04,0,71.9,71.9,1280.3364382428035,0.0,1280.3364382428035,296.61716171617167
2022-04-05,0,71.5,72.5,1280.3364382428035,0.0,1280.3364382428035,299.0924092409241
2022-04-06,0,68.14,67.96,1280.3364382428035,0.0,1280.3364382428035,280.36303630363034
2022-04-07,0,68.8,66.8,1280.3364382428035,0.0,1280.3364382428035,275.5775577557756
2022-04-08,0,68.06,68.98,1280.3364382428035,0.0,1280.3364382428035,284.5709570957096
2022-04-11,0,70.5,71.04,1280.3364382428035,0.0,1280.3364382428035,293.06930693069313
2022-04-12,0,72.0,70.78,1280.3364382428035,0.0,1280.3364382428035,291.99669966996703
2022-04-13,0,71.38,70.92,1280.3364382428035,0.0,1280.3364382428035,292.5742574257426
2022-04-14,0,74.38,74.5,1280.3364382428035,0.0,1280.3364382428035,307.3432343234324
2022-04-19,0,68.5,71.22,1280.3364382428035,0.0,1280.3364382428035,293.81188118811883
2022-04-20,0,68.9,68.9,1280.3364382428035,0.0,1280.3364382428035,284.2409240924093
2022-04-21,0,67.42,69.02,1280.3364382428035,0.0,1280.3364382428035,284.73597359735976
2022-04-22,0,61.0,64.34,1280.3364382428035,0.0,1280.3364382428035,265.4290429042905
2022-04-25,0,64.34,63.86,1280.3364382428035,0.0,1280.3364382428035,263.4488448844885
2022-04-26,0,66.06,65.22,1280.3364382428035,0.0,1280.3364382428035,269.0594059405941
2022-04-27,1,67.64,66.72,1280.3364382428035,0.0,1280.3364382428035,275.2475247524753
2022-04-28,0,71.0,69.9,0.0,18.92868773274399,1323.115272518805,288.3663366336634
2022-04-29,0,66.72,67.62,0.0,18.92868773274399,1279.9578644881487,278.960396039604
2022-05-02,0,66.22,66.54,0.0,18.92868773274399,1259.5148817367854,274.50495049504957
2022-05-04,0,71.0,69.6,0.0,18.92868773274399,1317.4366661989818,287.1287128712871
2022-05-05,0,61.9,63.44,0.0,18.92868773274399,1200.8359497652789,261.7161716171617
2022-05-06,0,66.42,66.42,0.0,18.92868773274399,1257.243439208856,274.009900990099
2022-05-09,0,65.02,65.04,0.0,18.92868773274399,1231.1218501376693,268.31683168316835
2022-05-10,0,63.0,62.86,0.0,18.92868773274399,1189.8573108802873,259.32343234323434
2022-05-11,0,63.0,64.54,0.0,18.92868773274399,1221.6575062712973,266.2541254125413
2022-05-12,0,64.48,63.04,0.0,18.92868773274399,1193.2644746721812,260.0660066006601
2022-05-13,0,68.96,68.0,0.0,18.92868773274399,1287.1507658265914,280.52805280528054
2022-05-16,0,67.54,66.64,0.0,18.92868773274399,1261.4077505100597,274.9174917491749
2022-05-17,0,67.5,67.32,0.0,18.92868773274399,1274.2792581683254,277.7227722772277
2022-05-18,0,67.76,68.0,0.0,18.92868773274399,1287.1507658265914,280.52805280528054
2022-05-19,0,70.0,69.46,0.0,18.92868773274399,1314.7866499163974,286.55115511551156
2022-05-20,0,68.0,66.6,0.0,18.92868773274399,1260.6506030007497,274.7524752475247
2022-05-23,0,69.0,70.0,0.0,18.92868773274399,1325.0081412920795,288.7788778877888
2022-05-24,0,72.0,71.5,0.0,18.92868773274399,1353.4011728911953,294.96699669967
2022-05-25,0,69.6,69.56,0.0,18.92868773274399,1316.679518689672,286.963696369637
2022-05-26,0,68.04,67.9,0.0,18.92868773274399,1285.257897053317,280.1155115511552
2022-05-27,0,69.4,68.5,0.0,18.92868773274399,1296.6151096929634,282.5907590759076
2022-05-30,0,67.74,67.5,0.0,18.92868773274399,1277.6864219602194,278.4653465346535
2022-05-31,0,66.68,66.4,0.0,18.92868773274399,1256.8648654542012,273.92739273927396
2022-06-01,0,64.9,64.7,0.0,18.92868773274399,1224.6860963085362,266.91419141914196
2022-06-02,0,67.98,67.34,0.0,18.92868773274399,1274.6578319229804,277.80528052805283
2022-06-03,0,66.78,65.8,0.0,18.92868773274399,1245.5076528145546,271.45214521452147
2022-06-06,-1,67.7,67.7,0.0,18.92868773274399,1281.4721595067683,279.29042904290435
2022-06-07,0,70.6,70.2,1281.4721595067683,0.0,1281.4721595067683,289.60396039603967
2022-06-08,0,69.66,69.98,1281.4721595067683,0.0,1281.4721595067683,288.69636963696377
2022-06-09,0,69.12,70.4,1281.4721595067683,0.0,1281.4721595067683,290.4290429042905
2022-06-10,0,66.36,68.4,1281.4721595067683,0.0,1281.4721595067683,282.17821782178225
2022-06-13,0,64.0,64.26,1281.4721595067683,0.0,1281.4721595067683,265.09900990099015
2022-06-14,0,67.5,67.36,1281.4721595067683,0.0,1281.4721595067683,277.8877887788779
2022-06-15,0,67.2,68.2,1281.4721595067683,0.0,1281.4721595067683,281.35313531353137
2022-06-17,0,66.42,65.98,1281.4721595067683,0.0,1281.4721595067683,272.1947194719472
2022-06-20,0,64.0,63.02,1281.4721595067683,0.0,1281.4721595067683,259.98349834983503
2022-06-21,0,65.0,66.2,1281.4721595067683,0.0,1281.4721595067683,273.1023102310231
2022-06-22,0,64.8,64.8,1281.4721595067683,0.0,1281.4721595067683,267.3267326732673
2022-06-23,0,61.42,60.88,1281.4721595067683,0.0,1281.4721595067683,251.1551155115512
2022-06-24,0,61.0,60.48,1281.4721595067683,0.0,1281.4721595067683,249.5049504950495
2022-06-27,0,63.98,63.8,1281.4721595067683,0.0,1281.4721595067683,263.2013201320132
2022-06-28,0,63.28,64.36,1281.4721595067683,0.0,1281.4721595067683,265.5115511551155
2022-06-29,0,64.2,65.32,1281.4721595067683,0.0,1281.4721595067683,269.47194719471946
2022-06-30,0,62.98,64.32,1281.4721595067683,0.0,1281.4721595067683,265.34653465346537
2022-07-01,0,58.16,57.92,1281.4721595067683,0.0,1281.4721595067683,238.94389438943898
2022-07-04,0,59.12,58.9,1281.4721595067683,0.0,1281.4721595067683,242.986798679868
2022-07-05,0,50.98,50.98,1281.4721595067683,0.0,1281.4721595067683,210.31353135313532
2022-07-06,0,48.5,48.0,1281.4721595067683,0.0,1281.4721595067683,198.01980198019805
2022-07-07,0,52.0,52.0,1281.4721595067683,0.0,1281.4721595067683,214.52145214521454
2022-07-08,0,50.64,52.16,1281.4721595067683,0.0,1281.4721595067683,215.1815181518152
2022-07-11,0,50.96,51.04,1281.4721595067683,0.0,1281.4721595067683,210.5610561056106
2022-07-12,0,52.58,52.36,1281.4721595067683,0.0,1281.4721595067683,216.00660066006603
2022-07-13,0,49.99,49.58,1281.4721595067683,0.0,1281.4721595067683,204.53795379537956
2022-07-14,0,50.8,49.86,1281.4721595067683,0.0,1281.4721595067683,205.6930693069307
2022-07-15,0,50.22,50.0,1281.4721595067683,0.0,1281.4721595067683,206.2706270627063
2022-07-18,0,52.5,52.5,1281.4721595067683,0.0,1281.4721595067683,216.5841584158416
2022-07-19,0,52.5,51.98,1281.4721595067683,0.0,1281.4721595067683,214.43894389438944
2022-07-20,0,52.0,52.0,1281.4721595067683,0.0,1281.4721595067683,214.52145214521454
2022-07-21,0,50.4,50.22,1281.4721595067683,0.0,1281.4721595067683,207.1782178217822
2022-07-22,0,50.52,50.2,1281.4721595067683,0.0,1281.4721595067683,207.09570957095713
2022-07-25,1,50.1,49.87,1281.4721595067683,0.0,1281.4721595067683,205.73432343234325
2022-07-26,0,48.12,48.1,0.0,25.57828661690156,1230.3155862729652,198.43234323432347
2022-07-27,0,48.6,47.96,0.0,25.57828661690156,1226.7346261465989,197.85478547854788
2022-07-28,0,48.99,48.08,0.0,25.57828661690156,1229.804020540627,198.34983498349837
2022-07-29,0,50.9,50.42,0.0,25.57828661690156,1289.6572112241768,208.00330033003303
2022-08-01,0,50.14,51.1,0.0,25.57828661690156,1307.0504461236699,210.80858085808583
2022-08-02,0,49.23,49.0,0.0,25.57828661690156,1253.3360442281764,202.14521452145217
2022-08-03,0,49.0,48.64,0.0,25.57828661690156,1244.127861046092,200.6600660066007
2022-08-04,0,46.9,46.76,0.0,25.57828661690156,1196.040682206317,192.9042904290429
2022-08-05,0,48.0,47.76,0.0,25.57828661690156,1221.6189688232184,197.02970297029705
2022-08-08,0,49.4,49.38,0.0,25.57828661690156,1263.0557931425992,203.71287128712873
2022-08-09,0,48.19,48.2,0.0,25.57828661690156,1232.8734149346553,198.84488448844888
2022-08-10,0,49.44,48.7,0.0,25.57828661690156,1245.662558243106,200.90759075907593
2022-08-11,0,48.91,48.72,0.0,25.57828661690156,1246.174123975444,200.990099009901
2022-08-12,0,50.9,50.38,0.0,25.57828661690156,1288.6340797595008,207.83828382838286
2022-08-16,0,50.2,50.54,0.0,25.57828661690156,1292.726605618205,208.49834983498351
2022-08-17,0,48.88,48.9,0.0,25.57828661690156,1250.7782155664863,201.73267326732676
2022-08-18,0,56.0,55.0,0.0,25.57828661690156,1406.805763929586,226.89768976897693
2022-08-19,0,52.04,52.74,0.0,25.57828661690156,1348.9988361753883,217.57425742574262
2022-08-22,0,53.5,53.5,0.0,25.57828661690156,1368.4383340042336,220.70957095709574
2022-08-23,-1,55.0,55.9,0.0,25.57828661690156,1429.8262218847972,230.61056105610564
2022-08-24,0,53.9,53.1,1406.805763929586,0.0,1406.805763929586,219.05940594059408
2022-08-25,0,52.54,52.86,1406.805763929586,0.0,1406.805763929586,218.0693069306931
2022-08-26,0,51.32,51.64,1406.805763929586,0.0,1406.805763929586,213.03630363036305
2022-08-29,0,54.0,53.3,1406.805763929586,0.0,1406.805763929586,219.8844884488449
2022-08-30,0,50.04,49.52,1406.805763929586,0.0,1406.805763929586,204.29042904290432
2022-08-31,0,47.4,47.56,1406.805763929586,0.0,1406.805763929586,196.20462046204622
2022-09-01,0,45.5,44.28,1406.805763929586,0.0,1406.805763929586,182.67326732673268
2022-09-02,0,42.46,43.11,1406.805763929586,0.0,1406.805763929586,177.84653465346537
2022-09-05,0,42.95,42.48,1406.805763929586,0.0,1406.805763929586,175.24752475247524
2022-09-06,0,38.5,39.32,1406.805763929586,0.0,1406.805763929586,162.21122112211222
2022-09-07,0,39.18,38.39,1406.805763929586,0.0,1406.805763929586,158.37458745874588
2022-09-08,0,38.86,38.02,1406.805763929586,0.0,1406.805763929586,156.84818481848188
2022-09-09,0,40.0,39.74,1406.805763929586,0.0,1406.805763929586,163.94389438943898
2022-09-12,0,39.3,38.7,1406.805763929586,0.0,1406.805763929586,159.6534653465347
2022-09-13,0,36.7,37.4,1406.805763929586,0.0,1406.805763929586,154.2904290429043
2022-09-14,0,38.51,38.21,1406.805763929586,0.0,1406.805763929586,157.63201320132015
2022-09-15,0,37.5,37.7,1406.805763929586,0.0,1406.805763929586,155.52805280528057
2022-09-16,0,37.19,36.63,1406.805763929586,0.0,1406.805763929586,151.11386138613864
2022-09-19,0,38.84,38.0,1406.805763929586,0.0,1406.805763929586,156.76567656765678
2022-09-20,0,37.29,37.29,1406.805763929586,0.0,1406.805763929586,153.83663366336634
2022-09-21,0,37.7,37.75,1406.805763929586,0.0,1406.805763929586,155.73432343234325
2022-09-22,0,38.5,38.72,1406.805763929586,0.0,1406.805763929586,159.73597359735976
2022-09-23,1,36.5,37.6,1406.805763929586,0.0,1406.805763929586,155.11551155115512
2022-09-26,0,34.0,33.94,0.0,38.54262366930372,1308.1366473361682,140.01650165016503
2022-09-27,0,33.51,33.54,0.0,38.54262366930372,1292.7195978684467,138.36633663366337
2022-09-28,0,34.2,33.82,0.0,38.54262366930372,1303.511532495852,139.52145214521454
2022-09-29,0,33.23,33.0,0.0,38.54262366930372,1271.906581087023,136.13861386138615
2022-09-30,0,33.35,33.34,0.0,38.54262366930372,1285.0110731345862,137.54125412541256
2022-10-03,0,36.5,35.14,0.0,38.54262366930372,1354.387795739333,144.96699669966998
2022-10-04,0,36.2,36.6,0.0,38.54262366930372,1410.6600262965162,150.990099009901
2022-10-05,0,36.47,36.06,0.0,38.54262366930372,1389.8470095150924,148.76237623762378
2022-10-06,0,35.7,35.7,0.0,38.54262366930372,1375.971664994143,147.2772277227723
2022-10-07,0,36.02,36.3,0.0,38.54262366930372,1399.097239195725,149.75247524752476
2022-10-10,0,33.7,33.89,0.0,38.54262366930372,1306.2095161527031,139.81023102310232
2022-10-11,0,35.01,34.56,0.0,38.54262366930372,1332.0330740111367,142.5742574257426
2022-10-12,-1,35.63,35.62,0.0,38.54262366930372,1372.8882551005986,146.94719471947195
2022-10-13,0,37.22,36.4,1373.2736813372917,0.0,1373.2736813372917,150.16501650165017
2022-10-14,0,37.3,37.18,1373.2736813372917,0.0,1373.2736813372917,153.3828382838284
2022-10-17,0,38.12,37.75,1373.2736813372917,0.0,1373.2736813372917,155.73432343234325
2022-10-18,1,36.57,36.25,1373.2736813372917,0.0,1373.2736813372917,149.54620462046205
2022-10-19,0,36.49,36.36,0.0,37.55191909590625,1365.3877783271512,150.0
2022-10-20,0,37.01,37.29,0.0,37.55191909590625,1400.3110630863441,153.83663366336634
2022-10-21,0,36.9,36.12,0.0,37.55191909590625,1356.3753177441336,149.00990099009903
2022-10-24,0,37.66,37.3,0.0,37.55191909590625,1400.686582277303,153.87788778877888
2022-10-25,0,37.95,37.71,0.0,37.55191909590625,1416.0828691066247,155.5693069306931
2022-10-26,0,40.1,40.49,0.0,37.55191909590625,1520.4772041932442,167.03795379537956
2022-10-27,0,39.8,40.41,0.0,37.55191909590625,1517.4730506655715,166.70792079207922
2022-10-28,0,41.48,41.22,0.0,37.55191909590625,1547.8901051332555,170.04950495049505
2022-10-31,0,41.71,41.54,0.0,37.55191909590625,1559.9067192439456,171.3696369636964
2022-11-02,0,42.4,43.0,0.0,37.55191909590625,1614.7325211239688,177.39273927392742
2022-11-03,0,45.7,45.35,0.0,37.55191909590625,1702.9795309993485,187.0874587458746
2022-11-04,0,47.58,47.58,0.0,37.55191909590625,1786.7203105832193,196.2871287128713
2022-11-07,0,45.5,45.7,0.0,37.55191909590625,1716.1227026829158,188.53135313531357
2022-11-08,0,48.0,47.9,0.0,37.55191909590625,1798.7369246939093,197.6072607260726
2022-11-09,0,47.4,48.38,0.0,37.55191909590625,1816.7618458599445,199.5874587458746
2022-11-10,0,47.07,47.2,0.0,37.55191909590625,1772.4505813267751,194.71947194719476
2022-11-14,0,46.9,46.87,0.0,37.55191909590625,1760.058448025126,193.35808580858085
2022-11-15,0,46.0,47.21,0.0,37.55191909590625,1772.8261005177342,194.76072607260727
2022-11-16,0,46.4,46.56,0.0,37.55191909590625,1748.417353105395,192.0792079207921
2022-11-17,0,46.0,45.86,0.0,37.55191909590625,1722.1310097382607,189.1914191419142
2022-11-18,0,46.34,46.37,0.0,37.55191909590625,1741.2824884771728,191.2953795379538
2022-11-21,0,45.3,45.0,0.0,37.55191909590625,1689.8363593157812,185.64356435643566
2022-11-22,0,46.77,46.4,0.0,37.55191909590625,1742.40904605005,191.41914191419144
2022-11-23,0,46.71,46.54,0.0,37.55191909590625,1747.666314723477,191.996699669967
2022-11-24,0,47.48,47.45,0.0,37.55191909590625,1781.8385611007516,195.75082508250827
2022-11-25,0,47.32,47.34,0.0,37.55191909590625,1777.707850000202,195.29702970297032
2022-11-28,0,51.6,49.47,0.0,37.55191909590625,1857.693437674482,204.08415841584159
2022-11-29,0,57.4,57.4,0.0,37.55191909590625,2155.4801561050185,236.7986798679868
2022-11-30,0,61.92,60.06,0.0,37.55191909590625,2255.3682609001294,247.7722772277228
2022-12-01,0,57.8,58.02,0.0,37.55191909590625,2178.762345944481,239.3564356435644
2022-12-02,0,57.44,57.44,0.0,37.55191909590625,2156.9822328688547,236.96369636963698
2022-12-05,0,57.0,57.5,0.0,37.55191909590625,2159.2353480146094,237.21122112211222
2022-12-06,0,55.86,56.3,0.0,37.55191909590625,2114.173045099522,232.26072607260727
2022-12-07,0,56.24,56.36,0.0,37.55191909590625,2116.426160245276,232.50825082508254
2022-12-08,0,55.6,55.52,0.0,37.55191909590625,2084.882548204715,229.04290429042908
2022-12-09,0,56.0,56.72,0.0,37.55191909590625,2129.9448511198025,233.993399339934
2022-12-12,0,58.9,58.4,0.0,37.55191909590625,2193.0320752009247,240.92409240924096
2022-12-13,0,58.04,58.3,0.0,37.55191909590625,2189.2768832913343,240.5115511551155
2022-12-14,0,57.0,57.24,0.0,37.55191909590625,2149.471849049674,236.13861386138618
2022-12-15,0,57.0,58.36,0.0,37.55191909590625,2191.5299984370886,240.75907590759078
2022-12-16,0,56.5,56.86,0.0,37.55191909590625,2135.2021197932295,234.5709570957096
2022-12-19,0,56.0,56.46,0.0,37.55191909590625,2120.181352154867,232.92079207920796
2022-12-20,0,57.4,57.16,0.0,37.55191909590625,2146.467695522001,235.8085808580858
2022-12-21,0,57.7,57.7,0.0,37.55191909590625,2166.7457318337906,238.03630363036308
2022-12-22,0,56.5,56.52,0.0,37.55191909590625,2122.4344673006212,233.1683168316832
2022-12-23,0,57.0,56.62,0.0,37.55191909590625,2126.1896592102116,233.5808580858086
2022-12-27,0,54.5,55.0,0.0,37.55191909590625,2065.3555502748436,226.89768976897693
2022-12-28,0,54.76,54.78,0.0,37.55191909590625,2057.0941280737443,225.99009900990103
2022-12-29,0,56.5,56.62,0.0,37.55191909590625,2126.1896592102116,233.5808580858086
2022-12-30,0,,58.16,0.0,37.55191909590625,2184.0196146179073,239.93399339933995
